group_1,group_2,logical,clingo,prompt
"['Tom bought a new dustbin for the kitchen.', 'Tom threw a broken plate in the dustbin.', 'Tom got some soup from the fridge.', 'Tom put the soup in the microwave.', 'Tom ate the cold soup.']","['Tom bought a new dustbin for the kitchen.', 'Tom threw a broken plate in the dustbin.', 'Tom got some soup from the fridge.', 'Tom put the soup in the microwave.', 'Tom turned on the microwave.']","Analysis:
Collection 1 presents a logically consistent sequence of events. Tom enters, gets angry, damages objects, and then apologizes. This is a plausible chain of events.
Collection 2 has a logical inconsistency. Tom smashes the radio in step 4, but then in step 5, he switches on the same radio to hear music. This is implausible as a smashed radio is unlikely to function.
Based on this analysis, Collection 1 is more plausible","% Define the events
event(1, buy_dustbin).
event(2, throw_plate).
event(3, get_soup).
event(4, put_in_microwave).
event(5, eat_cold_soup).
event(6, turn_on_microwave).

% Define the collections
collection(1).
collection(2).

% Define the sequence of events for each collection
sequence(1, 1, buy_dustbin).
sequence(1, 2, throw_plate).
sequence(1, 3, get_soup).
sequence(1, 4, put_in_microwave).
sequence(1, 5, eat_cold_soup).

sequence(2, 1, buy_dustbin).
sequence(2, 2, throw_plate).
sequence(2, 3, get_soup).
sequence(2, 4, put_in_microwave).
sequence(2, 5, turn_on_microwave).

% Define rules for plausibility
implausible(C) :- collection(C), sequence(C, T1, put_in_microwave), sequence(C, T2, eat_cold_soup), T2 > T1.

plausible(C) :- collection(C), not implausible(C).

% Output the plausible collection
#show plausible/1.","Given the two following collections, develop a program in Answer Set Programming that can answer which collection is plausible.
Collection 1:
1. Tom bought a new dustbin for the kitchen.
2. Tom threw a broken plate in the dustbin.
3. Tom got some soup from the fridge.
4. Tom put the soup in the microwave.
5. Tom ate the cold soup.
Collection 2:
1. Tom bought a new dustbin for the kitchen.
2. Tom threw a broken plate in the dustbin.
3. Tom got some soup from the fridge.
4. Tom put the soup in the microwave.
5. Tom turned on the microwave.

Select the collection more plausible. 1 or 2?"
"['Tom bought a new dustbin for the kitchen.', 'Tom threw a broken plate in the dustbin.', 'Tom unplugged the microwave.', 'Tom put the soup in the microwave.', 'Tom turned on the microwave.']","['Tom bought a new dustbin for the kitchen.', 'Tom threw a broken plate in the dustbin.', 'Tom got some soup from the fridge.', 'Tom put the soup in the microwave.', 'Tom turned on the microwave.']","Analysis:
Collection 1 has a logical inconsistency. Tom unplugs the microwave (step 3), but then turns it on (step 5). This is implausible because an unplugged microwave cannot be turned on.
Collection 2 presents a logically consistent sequence of events. All actions follow a plausible order without contradictions.
Based on this analysis, Collection 2 is more plausible.","% Define the events
event(1, buy_dustbin).
event(2, throw_plate).
event(3, unplug_microwave).
event(4, get_soup).
event(5, put_in_microwave).
event(6, turn_on_microwave).
% Define the collections
collection(1).
collection(2).
% Define the sequence of events for each collection
sequence(1, 1, buy_dustbin).
sequence(1, 2, throw_plate).
sequence(1, 3, unplug_microwave).
sequence(1, 4, put_in_microwave).
sequence(1, 5, turn_on_microwave).
sequence(2, 1, buy_dustbin).
sequence(2, 2, throw_plate).
sequence(2, 3, get_soup).
sequence(2, 4, put_in_microwave).
sequence(2, 5, turn_on_microwave).
% Define rules for plausibility
implausible(C) :- collection(C), sequence(C, T1, unplug_microwave), sequence(C, T2, turn_on_microwave), T2 > T1.
plausible(C) :- collection(C), not implausible(C).
% Output the plausible collection
#show plausible/1.","Given the two following collections, develop a program in Answer Set Programming that can answer which collection is plausible.
Collection 1:
1. Tom bought a new dustbin for the kitchen.
2. Tom threw a broken plate in the dustbin.
3. Tom unplugged the microwave.
4. Tom put the soup in the microwave.
5. Tom turned on the microwave.
Collection 2:
1. Tom bought a new dustbin for the kitchen.
2. Tom threw a broken plate in the dustbin.
3. Tom got some soup from the fridge.
4. Tom put the soup in the microwave.
5. Tom turned on the microwave.

Select the collection more plausible. 1 or 2?"
"['Tom bought a new dustbin for the kitchen.', 'Tom threw the microwave into the dustbin.', 'Tom got some soup from the fridge.', 'Tom put the soup in the microwave.', 'Tom turned on the microwave.']","['Tom bought a new dustbin for the kitchen.', 'Tom threw a broken plate in the dustbin.', 'Tom got some soup from the fridge.', 'Tom put the soup in the microwave.', 'Tom turned on the microwave.']","Analysis:
Collection 1 has a logical inconsistency. Tom throws the microwave into the dustbin (step 2), but then uses the microwave in steps 4 and 5. This is implausible because a microwave in a dustbin cannot be used.
Collection 2 presents a logically consistent sequence of events. All actions follow a plausible order without contradictions.
Based on this analysis, Collection 2 is more plausible.","% Define the events
event(1, buy_dustbin).
event(2, throw_microwave).
event(3, throw_plate).
event(4, get_soup).
event(5, put_in_microwave).
event(6, turn_on_microwave).

% Define the collections
collection(1).
collection(2).

% Define the sequence of events for each collection
sequence(1, 1, buy_dustbin).
sequence(1, 2, throw_microwave).
sequence(1, 3, get_soup).
sequence(1, 4, put_in_microwave).
sequence(1, 5, turn_on_microwave).

sequence(2, 1, buy_dustbin).
sequence(2, 2, throw_plate).
sequence(2, 3, get_soup).
sequence(2, 4, put_in_microwave).
sequence(2, 5, turn_on_microwave).

% Define rules for plausibility
implausible(C) :- collection(C), sequence(C, T1, throw_microwave), sequence(C, T2, put_in_microwave), T2 > T1.
implausible(C) :- collection(C), sequence(C, T1, throw_microwave), sequence(C, T2, turn_on_microwave), T2 > T1.

plausible(C) :- collection(C), not implausible(C).

% Output the plausible collection
#show plausible/1.","Given the two following collections, develop a program in Answer Set Programming that can answer which collection is plausible.
Collection 1:
1. Tom bought a new dustbin for the kitchen.
2. Tom threw the microwave into the dustbin.
3. Tom got some soup from the fridge.
4. Tom put the soup in the microwave.
5. Tom turned on the microwave.
Collection 2:
1. Tom bought a new dustbin for the kitchen.
2. Tom threw a broken plate in the dustbin.
3. Tom got some soup from the fridge.
4. Tom put the soup in the microwave.
5. Tom turned on the microwave.

Select the collection more plausible. 1 or 2?"
"['Tom threw the cereal in the dustbin.', 'Tom took a pan from the cupboard.', 'Tom poured soup into the pan.', 'Tom heated the soup on the stove.', 'Tom ate the soup.']","['Tom threw the cereal in the dustbin.', 'Tom took a pan from the cupboard.', 'Tom poured soup into the pan.', 'Tom heated the soup on the stove.', 'Tom ate the cereal.']","Analysis:
Collection 1 presents a logically consistent sequence of events. Tom prepares and eats soup, which aligns with the actions described in steps 2-5.
Collection 2 has a logical inconsistency. Tom throws away the cereal (step 1) and prepares soup (steps 2-4), but then eats the cereal (step 5). This is implausible because the cereal was discarded at the beginning.
Based on this analysis, Collection 1 is more plausible.","% Define the events
event(1, throw_cereal).
event(2, take_pan).
event(3, pour_soup).
event(4, heat_soup).
event(5, eat_soup).
event(6, eat_cereal).
% Define the collections
collection(1).
collection(2).
% Define the sequence of events for each collection
sequence(1, 1, throw_cereal).
sequence(1, 2, take_pan).
sequence(1, 3, pour_soup).
sequence(1, 4, heat_soup).
sequence(1, 5, eat_soup).
sequence(2, 1, throw_cereal).
sequence(2, 2, take_pan).
sequence(2, 3, pour_soup).
sequence(2, 4, heat_soup).
sequence(2, 5, eat_cereal).
% Define rules for plausibility
implausible(C) :- collection(C), sequence(C, T1, throw_cereal), sequence(C, T2, eat_cereal), T2 > T1.
plausible(C) :- collection(C), not implausible(C).
% Output the plausible collection
#show plausible/1.","Given the two following collections, develop a program in Answer Set Programming that can answer which collection is plausible.
Collection 1:
1. Tom threw the cereal in the dustbin.
2. Tom took a pan from the cupboard.
3. Tom poured soup into the pan.
4. Tom heated the soup on the stove.
5. Tom ate the soup.
Collection 2:
1. Tom threw the cereal in the dustbin.
2. Tom took a pan from the cupboard.
3. Tom poured soup into the pan.
4. Tom heated the soup on the stove.
5. Tom ate the cereal.

Select the collection more plausible. 1 or 2?"
"['Tom threw the cereal in the dustbin.', 'Tom took a pan from the cupboard.', 'Tom poured soup into the pan.', 'Tom heated the soup on the stove.', 'Tom ate the soup.']","['Tom threw the cereal in the dustbin.', 'Tom threw away the pan as well.', 'Tom poured soup into the pan.', 'Tom heated the soup on the stove.', 'Tom ate the soup.']","Analysis:
Collection 1 presents a logically consistent sequence of events. Tom discards cereal, prepares soup using a pan, and eats the soup.
Collection 2 has a logical inconsistency. Tom throws away the pan (step 2), but then uses it to pour and heat soup (steps 3-4). This is implausible because a discarded pan cannot be used for cooking.
Based on this analysis, Collection 1 is more plausible.","% Define the events
event(1, throw_cereal).
event(2, take_pan).
event(3, throw_pan).
event(4, pour_soup).
event(5, heat_soup).
event(6, eat_soup).
% Define the collections
collection(1).
collection(2).
% Define the sequence of events for each collection
sequence(1, 1, throw_cereal).
sequence(1, 2, take_pan).
sequence(1, 3, pour_soup).
sequence(1, 4, heat_soup).
sequence(1, 5, eat_soup).
sequence(2, 1, throw_cereal).
sequence(2, 2, throw_pan).
sequence(2, 3, pour_soup).
sequence(2, 4, heat_soup).
sequence(2, 5, eat_soup).
% Define rules for plausibility
implausible(C) :- collection(C), sequence(C, T1, throw_pan), sequence(C, T2, pour_soup), T2 > T1.
implausible(C) :- collection(C), sequence(C, T1, throw_pan), sequence(C, T2, heat_soup), T2 > T1.
plausible(C) :- collection(C), not implausible(C).
% Output the plausible collection
#show plausible/1.","Given the two following collections, develop a program in Answer Set Programming that can answer which collection is plausible.
Collection 1:
1. Tom threw the cereal in the dustbin.
2. Tom took a pan from the cupboard.
3. Tom poured soup into the pan.
4. Tom heated the soup on the stove.
5. Tom ate the soup.
Collection 2:
1. Tom threw the cereal in the dustbin.
2. Tom threw away the pan as well.
3. Tom poured soup into the pan.
4. Tom heated the soup on the stove.
5. Tom ate the soup.

Select the collection more plausible. 1 or 2?"
"['Tom threw the cereal in the dustbin.', 'Tom took a pan from the cupboard.', 'Tom poured soup into the pan.', 'Tom heated the soup on the stove.', 'Tom ate the soup.']","['Tom threw the cereal in the dustbin.', 'Tom took a pan from the cupboard.', 'Tom poured soup into the pan.', 'Tom threw the soup into the dustbin.', 'Tom ate the soup.']","Analysis:
Collection 1 presents a logically consistent sequence of events. Tom discards cereal, prepares soup using a pan, heats it, and then eats it.
Collection 2 has a logical inconsistency. Tom prepares soup (steps 2-3), but then throws it away (step 4), and somehow still eats the soup (step 5). This is implausible because discarded soup cannot be eaten.
Based on this analysis, Collection 1 is more plausible.","% Define the events
event(1, throw_cereal).
event(2, take_pan).
event(3, pour_soup).
event(4, heat_soup).
event(5, throw_soup).
event(6, eat_soup).
% Define the collections
collection(1).
collection(2).
% Define the sequence of events for each collection
sequence(1, 1, throw_cereal).
sequence(1, 2, take_pan).
sequence(1, 3, pour_soup).
sequence(1, 4, heat_soup).
sequence(1, 5, eat_soup).
sequence(2, 1, throw_cereal).
sequence(2, 2, take_pan).
sequence(2, 3, pour_soup).
sequence(2, 4, throw_soup).
sequence(2, 5, eat_soup).
% Define rules for plausibility
implausible(C) :- collection(C), sequence(C, T1, throw_soup), sequence(C, T2, eat_soup), T2 > T1.
plausible(C) :- collection(C), not implausible(C).
% Output the plausible collection
#show plausible/1.","Given the two following collections, develop a program in Answer Set Programming that can answer which collection is plausible.
Collection 1:
1. Tom threw the cereal in the dustbin.
2. Tom took a pan from the cupboard.
3. Tom poured soup into the pan.
4. Tom heated the soup on the stove.
5. Tom ate the soup.
Collection 2:
1. Tom threw the cereal in the dustbin.
2. Tom took a pan from the cupboard.
3. Tom poured soup into the pan.
4. Tom threw the soup into the dustbin.
5. Tom ate the soup.

Select the collection more plausible. 1 or 2?"
"['Tom took out a package of soup from the pantry, making sure he could put it in the microwave.', 'Tom picked up a bowl he used to eat cereal with that morning and put it in the dishwasher.', 'Tom microwaved the soup, put it in a bowl, and put the empty container in the dustbin.', 'Tom also made a sandwich which he put on a plate.', 'Tom sat down at the kitchen table and ate his dinner.']","['Tom took out a package of soup from the pantry, making sure he could put it in the microwave.', 'Tom picked up a bowl he used to eat cereal with that morning and put it in the dishwasher.', 'Tom microwaved the soup, put it in a bowl, and put the empty container in the dustbin.', 'Tom also made a sandwich which he put on a plate.', 'Tom ate some soup from the container.']","Analysis:
Collection 1 presents a logically consistent sequence of events. Tom prepares soup and a sandwich, and then eats his dinner.
Collection 2 has a logical inconsistency. Tom microwaves the soup, puts it in a bowl, and discards the empty container (step 3), but then somehow eats soup from the container (step 5). This is implausible because the container has already been emptied and thrown away.
Based on this analysis, Collection 1 is more plausible.","% Define the events
event(1, take_soup_package).
event(2, put_bowl_in_dishwasher).
event(3, microwave_soup).
event(4, put_soup_in_bowl).
event(5, discard_container).
event(6, make_sandwich).
event(7, eat_dinner).
event(8, eat_from_container).
% Define the collections
collection(1).
collection(2).
% Define the sequence of events for each collection
sequence(1, 1, take_soup_package).
sequence(1, 2, put_bowl_in_dishwasher).
sequence(1, 3, microwave_soup).
sequence(1, 4, put_soup_in_bowl).
sequence(1, 5, discard_container).
sequence(1, 6, make_sandwich).
sequence(1, 7, eat_dinner).
sequence(2, 1, take_soup_package).
sequence(2, 2, put_bowl_in_dishwasher).
sequence(2, 3, microwave_soup).
sequence(2, 4, put_soup_in_bowl).
sequence(2, 5, discard_container).
sequence(2, 6, make_sandwich).
sequence(2, 7, eat_from_container).
% Define rules for plausibility
implausible(C) :- collection(C), sequence(C, T1, discard_container), sequence(C, T2, eat_from_container), T2 > T1.
plausible(C) :- collection(C), not implausible(C).
% Output the plausible collection
#show plausible/1.","Given the two following collections, develop a program in Answer Set Programming that can answer which collection is plausible.
Collection 1:
1. Tom took out a package of soup from the pantry, making sure he could put it in the microwave.
2. Tom picked up a bowl he used to eat cereal with that morning and put it in the dishwasher.
3. Tom microwaved the soup, put it in a bowl, and put the empty container in the dustbin.
4. Tom also made a sandwich which he put on a plate.
5. Tom sat down at the kitchen table and ate his dinner.
Collection 2:
1. Tom took out a package of soup from the pantry, making sure he could put it in the microwave.
2. Tom picked up a bowl he used to eat cereal with that morning and put it in the dishwasher.
3. Tom microwaved the soup, put it in a bowl, and put the empty container in the dustbin.
4. Tom also made a sandwich which he put on a plate.
5. Tom ate some soup from the container.

Select the collection more plausible. 1 or 2?"
"['Tom took out a package of soup from the pantry, making sure he could put it in the microwave.', 'Tom picked up a bowl he used to eat cereal with that morning and put it in the dishwasher.', 'Tom microwaved the soup, put it in a bowl, and put the empty container in the dustbin.', 'Tom also made a sandwich which he put on a plate.', 'Tom sat down at the kitchen table and ate his dinner.']","['Tom boiled his soup on the stove.', 'Tom picked up a bowl he used to eat cereal with that morning and put it in the dishwasher.', 'Tom microwaved the soup, put it in a bowl, and put the empty container in the dustbin.', 'Tom also made a sandwich which he put on a plate.', 'Tom sat down at the kitchen table and ate his dinner.']","Analysis:
Collection 1 presents a logically consistent sequence of events. Tom prepares soup using a microwave, makes a sandwich, and eats his dinner.
Collection 2 has a logical inconsistency. Tom boils soup on the stove (step 1), but then microwaves the soup (step 3). This is implausible because it's unnecessary and unusual to cook soup twice using different methods.
Based on this analysis, Collection 1 is more plausible.","% Define the events
event(1, take_soup_package).
event(2, boil_soup).
event(3, put_bowl_in_dishwasher).
event(4, microwave_soup).
event(5, put_soup_in_bowl).
event(6, discard_container).
event(7, make_sandwich).
event(8, eat_dinner).
% Define the collections
collection(1).
collection(2).
% Define the sequence of events for each collection
sequence(1, 1, take_soup_package).
sequence(1, 2, put_bowl_in_dishwasher).
sequence(1, 3, microwave_soup).
sequence(1, 4, put_soup_in_bowl).
sequence(1, 5, discard_container).
sequence(1, 6, make_sandwich).
sequence(1, 7, eat_dinner).
sequence(2, 1, boil_soup).
sequence(2, 2, put_bowl_in_dishwasher).
sequence(2, 3, microwave_soup).
sequence(2, 4, put_soup_in_bowl).
sequence(2, 5, discard_container).
sequence(2, 6, make_sandwich).
sequence(2, 7, eat_dinner).
% Define rules for plausibility
implausible(C) :- collection(C), sequence(C, T1, boil_soup), sequence(C, T2, microwave_soup), T2 > T1.
plausible(C) :- collection(C), not implausible(C).
% Output the plausible collection
#show plausible/1.","Given the two following collections, develop a program in Answer Set Programming that can answer which collection is plausible.
Collection 1:
1. Tom took out a package of soup from the pantry, making sure he could put it in the microwave.
2. Tom picked up a bowl he used to eat cereal with that morning and put it in the dishwasher.
3. Tom microwaved the soup, put it in a bowl, and put the empty container in the dustbin.
4. Tom also made a sandwich which he put on a plate.
5. Tom sat down at the kitchen table and ate his dinner.
Collection 2:
1. Tom boiled his soup on the stove.
2. Tom picked up a bowl he used to eat cereal with that morning and put it in the dishwasher.
3. Tom microwaved the soup, put it in a bowl, and put the empty container in the dustbin.
4. Tom also made a sandwich which he put on a plate.
5. Tom sat down at the kitchen table and ate his dinner.

Select the collection more plausible. 1 or 2?"
